[
	{
		"Id": 123,
		"PizzeriaName": "Preston Pizzeria",
		"PizzeriaLocation": "234 Preston road, Preston",
		"PizzeriaImage": "resturant-img1.jpg",
		"PizzeriaMenuItem": [
			{
        "Id": 1,
				"Name": "Capricciosa",
				"MenuIngridents": [ "Cheese", "Ham", "Mushroom", "Olives" ],
				"Price": 20
			},
			{
        "Id": 2,
				"Name": "Mexicana",
				"MenuIngridents": [ "Cheese", "Salami", "Capsicum", "Chilli" ],
				"Price": 18
			},
			{
        "Id": 3,
				"Name": "Margherita",
				"MenuIngridents": [ "Cheese", "Spinach,", "Ricotta", "Cherry Tomatoes" ],
				"Price": 22
			}

		]
	},
	{
		"Id": 234,
		"PizzeriaName": "Southbank Pizzeria",
		"PizzeriaLocation": "234 Preston road, Preston",
		"PizzeriaImage": "resturant-img2.jpg",
		"PizzeriaTagLine": "We deliver best pizzas",
		"PizzeriaMenuItem": [
			{
        "Id": 4,
				"Name": "Capricciosa",
				"MenuIngridents": [ "Cheese", "Ham", "Mushroom", "Olives" ],
				"Price": 20
			},
			{
        "Id": 5,
				"Name": "Vegetarian",
				"MenuIngridents": [ "Cheese", "Salami", "Capsicum", "Onion", "Olives" ],
				"Price": 17
			}
		]
	},
	{
		"Id": 454,
		"PizzeriaName": "Southbank Pizzeria",
		"PizzeriaLocation": "234 Preston road, Preston",
		"PizzeriaImage": "resturant-img2.jpg",
		"PizzeriaTagLine": "We deliver best pizzas",
		"PizzeriaMenuItem": [
			{
        "Id": 6,
				"Name": "Capricciosa",
				"MenuIngridents": [ "Cheese", "Ham", "Mushroom", "Olives" ],
				"Price": 20
			},
			{
        "Id": 7,
				"Name": "Vegetarian",
				"MenuIngridents": [ "Cheese", "Salami", "Capsicum", "Onion", "Olives" ],
				"Price": 17
			}
		]
	},
	{
		"Id": 342,
		"PizzeriaName": "Southbank Pizzeria",
		"PizzeriaLocation": "234 Preston road, Preston",
		"PizzeriaImage": "resturant-img2.jpg",
		"PizzeriaTagLine": "We deliver best pizzas",
		"PizzeriaMenuItem": [
			{
        "Id": 8,
				"Name": "Capricciosa",
				"MenuIngridents": [ "Cheese", "Ham", "Mushroom", "Olives" ],
				"Price": 20
			},
			{
        "Id": 9,
				"Name": "Vegetarian",
				"MenuIngridents": [ "Cheese", "Salami", "Capsicum", "Onion", "Olives" ],
				"Price": 17
			}
		]
	}
]